Name,CO,C1CCOCC1,C1=CC=NC=C1,CS,C1CCOC1,C[NH3+],C,C1CC1,C#C,CC,[NH4+],CF,C1CCCC1,C[O-],C=C,[NH2+]=O,CBr,C=O,C1=CC=CC=C1,N,NN,[NH3+][O-],CN,CCl,ExpperMGS
4-Methoxyphenyl ß-D-galactopyranoside,8,1,0,0,0,0,0,0,0,1,0,0,0,0,0,0,0,0,1,0,0,0,0,0,78.3
4-Methoxyphenyl ß-D-glucopyranoside,8,1,0,0,0,0,0,0,0,1,0,0,0,0,0,0,0,0,1,0,0,0,0,0,23.3
4-Methoxyphenyl α-D-galactopyranoside,8,1,0,0,0,0,0,0,0,1,0,0,0,0,0,0,0,0,1,0,0,0,0,0,76.4
4-Methoxyphenyl α-D-glucopyranoside,8,1,0,0,0,0,0,0,0,1,0,0,0,0,0,0,0,0,1,0,0,0,0,0,63.2
4-Bromophenyl ß-D-glucopyranoside,6,1,0,0,0,0,0,0,0,1,0,0,0,0,0,0,1,0,1,0,0,0,0,0,10
4-Chlorophenyl β-D-glucopyranoside,6,1,0,0,0,0,0,0,0,1,0,0,0,0,0,0,0,0,1,0,0,0,0,1,14.1
4-Fluorophenyl ß-D-glucopyranoside,6,1,0,0,0,0,0,0,0,1,0,1,0,0,0,0,0,0,1,0,0,0,0,0,23.3
4-Hydroxyphenyl ß-D-glucopyranoside,7,1,0,0,0,0,0,0,0,1,0,0,0,0,0,0,0,0,1,0,0,0,0,0,61.8
4-Methylphenyl ß-D-glucopyranoside,6,1,0,0,0,0,0,0,0,2,0,0,0,0,0,0,0,0,1,0,0,0,0,0,62.3
Phenyl ß-D-glucopyranoside,6,1,0,0,0,0,0,0,0,1,0,0,0,0,0,0,0,0,1,0,0,0,0,0,64.4
4-(Methoxycarbonyl)phenyl ß-D-glucopyranoside,8,1,0,0,0,0,1,0,0,2,0,0,0,0,0,0,0,1,1,0,0,0,0,0,49.1
4-Trifluoromethylphenyl ß-D-glucopyranoside,6,1,0,0,0,0,1,0,0,2,0,3,0,0,0,0,0,0,1,0,0,0,0,0,33.2
4-Nitrophenyl ß-D-glucopyranoside,6,1,0,0,0,1,0,0,0,1,1,0,0,0,0,1,0,0,1,0,0,1,0,0,60.9
4-Bromophenyl ß-D-galactopyranoside,6,1,0,0,0,0,0,0,0,1,0,0,0,0,0,0,1,0,1,0,0,0,0,0,6.2
4-Chlorophenyl ß-D-galactopyranoside,6,1,0,0,0,0,0,0,0,1,0,0,0,0,0,0,0,0,1,0,0,0,0,1,21.1
4-Fluorophenyl β-D-galactopyranoside,6,1,0,0,0,0,0,0,0,1,0,1,0,0,0,0,0,0,1,0,0,0,0,0,79.7
4-Hydroxyphenyl ß-D-galactopyranoside,7,1,0,0,0,0,0,0,0,1,0,0,0,0,0,0,0,0,1,0,0,0,0,0,81.1
4-Methylphenyl β-D-galactopyranoside,6,1,0,0,0,0,0,0,0,2,0,0,0,0,0,0,0,0,1,0,0,0,0,0,88.3
Phenyl β-D-galactopyranoside,6,1,0,0,0,0,0,0,0,1,0,0,0,0,0,0,0,0,1,0,0,0,0,0,79.1
Methyl 4-(β-D-galactopyranosyloxy)benzoate,8,1,0,0,0,0,1,0,0,2,0,0,0,0,0,0,0,1,1,0,0,0,0,0,29.9
4-Acetamidophenyl β-D-galactopyranoside,6,1,0,0,0,0,1,0,0,2,0,0,0,0,0,0,0,1,1,0,0,0,2,0,81.9
4-(Trifluoromethyl)phenyl β-D-galactopyranoside,6,1,0,0,0,0,1,0,0,2,0,3,0,0,0,0,0,0,1,0,0,0,0,0,57.9
4-Nitrophenyl β-D-galactopyranoside,6,1,0,0,0,1,0,0,0,1,1,0,0,0,0,1,0,0,1,0,0,1,0,0,45.6
3-Methylphenyl ß-D-glucopyranoside,6,1,0,0,0,0,0,0,0,2,0,0,0,0,0,0,0,0,1,0,0,0,0,0,79.1
3-Methoxyphenyl ß-D-glucopyranoside,8,1,0,0,0,0,0,0,0,1,0,0,0,0,0,0,0,0,1,0,0,0,0,0,80.7
3-Hydroxyphenyl ß-D-glucopyranoside,7,1,0,0,0,0,0,0,0,1,0,0,0,0,0,0,0,0,1,0,0,0,0,0,90.1
3-Bromophenyl β-D-galactopyranoside,6,1,0,0,0,0,0,0,0,1,0,0,0,0,0,0,1,0,1,0,0,0,0,0,35.9
2-Bromophenyl β-D-galactopyranoside,6,1,0,0,0,0,0,0,0,1,0,0,0,0,0,0,1,0,1,0,0,0,0,0,71.2
3-Acetamidophenyl ß-D-galactopyranoside,6,1,0,0,0,0,1,0,0,2,0,0,0,0,0,0,0,1,1,0,0,0,2,0,72.1
4-Trifluoromethoxyphenyl ß-D-glucopyranoside,8,1,0,0,0,0,1,0,0,1,0,3,0,0,0,0,0,0,1,0,0,0,0,0,57.4
Phenyl alpha-D-glucopyranoside,6,1,0,0,0,0,0,0,0,1,0,0,0,0,0,0,0,0,1,0,0,0,0,0,69.7
4-Fluorophenyl alpha-D-glucopyranoside,6,1,0,0,0,0,0,0,0,1,0,1,0,0,0,0,0,0,1,0,0,0,0,0,80.7
4-Bromophenyl alpha-D-glucopyranoside,6,1,0,0,0,0,0,0,0,1,0,0,0,0,0,0,1,0,1,0,0,0,0,0,75.4
4-Ethoxyphenyl β-D-glucopyranoside,8,1,0,0,0,0,0,0,0,2,0,0,0,0,0,0,0,0,1,0,0,0,0,0,31.8
4-Propoxyphenyl β-D-glucopyranoside,8,1,0,0,0,0,0,0,0,3,0,0,0,0,0,0,0,0,1,0,0,0,0,0,39.7
2-Methoxyphenyl β-D-glucopyranoside,8,1,0,0,0,0,0,0,0,1,0,0,0,0,0,0,0,0,1,0,0,0,0,0,54.4
4-Trifluoromethoxyphenyl ß-D-galactopyranoside,8,1,0,0,0,0,1,0,0,1,0,3,0,0,0,0,0,0,1,0,0,0,0,0,72.3
2-Acetamidophenyl β-D-galactopyranoside,6,1,0,0,0,0,1,0,0,2,0,0,0,0,0,0,0,1,1,0,0,0,2,0,27.1
Ethyl 4-(β-D-galactopyranosyloxy)benzoate,8,1,0,0,0,0,1,0,0,3,0,0,0,0,0,0,0,1,1,0,0,0,0,0,76.3
Isopropyl 4-(ß-D-glucopyranosyloxy)benzoate,8,1,0,0,0,0,2,0,0,4,0,0,0,0,0,0,0,1,1,0,0,0,0,0,35.1
Ethyl 4-(β-D-glucopyranosyloxy)benzoate,8,1,0,0,0,0,1,0,0,3,0,0,0,0,0,0,0,1,1,0,0,0,0,0,5.8
4-Pentanamidophenyl β-D-glucopyranoside,6,1,0,0,0,0,1,0,0,5,0,0,0,0,0,0,0,1,1,0,0,0,2,0,17.8
Methyl 3-(β-D-galactopyranosyloxy)benzoate,8,1,0,0,0,0,1,0,0,2,0,0,0,0,0,0,0,1,1,0,0,0,0,0,56.9
4-Methoxyphenyl ß-D-xylopyranoside,7,1,0,0,0,0,0,0,0,0,0,0,0,0,0,0,0,0,1,0,0,0,0,0,47.1
4-Methoxyphenyl ß-D-mannopyranoside,8,1,0,0,0,0,0,0,0,1,0,0,0,0,0,0,0,0,1,0,0,0,0,0,77.7
4-Methoxyphenyl α-D-Mannopyranoside,8,1,0,0,0,0,0,0,0,1,0,0,0,0,0,0,0,0,1,0,0,0,0,0,73.8
4-(β-D-Glucopyranosyloxy)-benzoic acid,7,1,0,0,0,0,1,0,0,2,0,0,0,0,0,0,0,1,1,0,0,0,0,0,73.3
4-(β-D-Galactopyranosyloxy)-benzoic acid,7,1,0,0,0,0,1,0,0,2,0,0,0,0,0,0,0,1,1,0,0,0,0,0,82.5
Benzyl β-D-Glucopyranoside,6,1,0,0,0,0,0,0,0,2,0,0,0,0,0,0,0,0,1,0,0,0,0,0,71.9
N-Phenyl ß-D-glucopyranoside,4,1,0,0,0,0,0,0,0,1,0,0,0,0,0,0,0,0,1,0,0,0,2,0,55.3
S-Phenyl-1-thio-β-D-glucopyranoside,4,1,0,2,0,0,0,0,0,1,0,0,0,0,0,0,0,0,1,0,0,0,0,0,55.3
4-Methoxybenzyl ß-D-glucopyranoside,8,1,0,0,0,0,0,0,0,2,0,0,0,0,0,0,0,0,1,0,0,0,0,0,69.1
N-(4-Methoxyphenyl)-1-ß-D-glucopyranoside,6,1,0,0,0,0,0,0,0,1,0,0,0,0,0,0,0,0,1,0,0,0,2,0,62.1
4-Methoxyphenyl-1-thio-ß-D-glucopyranoside,6,1,0,2,0,0,0,0,0,1,0,0,0,0,0,0,0,0,1,0,0,0,0,0,80
"1,4-Bis-(ß-D-glucopyranosyl)benzene",8,2,0,0,0,0,0,0,0,4,0,0,0,0,0,0,0,0,1,0,0,0,0,0,34.1
"1,4-Bis-(ß-D-galactopyranosyl)benzene",8,2,0,0,0,0,0,0,0,4,0,0,0,0,0,0,0,0,1,0,0,0,0,0,79.2
1-O-(ß-D-Glucopyranosyl)-4-O-(ß-D-galactopyranosyl)benzene,8,2,0,0,0,0,0,0,0,4,0,0,0,0,0,0,0,0,1,0,0,0,0,0,58
"1,3-Bis-(ß-D-glucopyranosyl)benzene",8,2,0,0,0,0,0,0,0,4,0,0,0,0,0,0,0,0,1,0,0,0,0,0,61
6-O-(4-Methoxyphenyl)-D-glucopyranoside,8,1,0,0,0,0,0,0,0,1,0,0,0,0,0,0,0,0,1,0,0,0,0,0,82.5
(4-Pyridinyl) β-D-glucopyranoside,6,1,1,0,0,0,0,0,0,1,0,0,0,0,0,0,0,0,0,0,0,0,0,0,51.6
4-Methoxyphenyl-6-O-(α-D-galactopyranosyl) β-D-glucopyranoside,13,2,0,0,0,0,0,0,0,2,0,0,0,0,0,0,0,0,1,0,0,0,0,0,66.1
4-Methoxyphenyl-6-O-(α-D-glucopyranosyl) ß-D-glucopyranoside,13,2,0,0,0,0,0,0,0,2,0,0,0,0,0,0,0,0,1,0,0,0,0,0,66.8
4-Methoxyphenyl-6-O-(ß-D-glucopyranosyl) ß-D-glucopyranoside,13,2,0,0,0,0,0,0,0,2,0,0,0,0,0,0,0,0,1,0,0,0,0,0,61.6
4-Methoxyphenyl-4-O-(ß-D-galactopyranosyl) ß-D-glucopyranoside,13,2,0,0,0,0,0,0,0,2,0,0,0,0,0,0,0,0,1,0,0,0,0,0,44.5
2-Amino β-D-galactopyranoside,6,1,0,0,0,0,0,0,0,1,0,0,0,0,0,0,0,0,1,0,0,0,1,0,83.9
2-Amino-3-(β-D-galactopyranosyloxy)-benzoic acid,7,1,0,0,0,0,1,0,0,2,0,0,0,0,0,0,0,1,1,0,0,0,1,0,40.5
2-Amino-3-(β-D-glucopyranosyloxy)-benzoic acid,7,1,0,0,0,0,1,0,0,2,0,0,0,0,0,0,0,1,1,0,0,0,1,0,88.6
4-Aminophenyl β-D-glucopyranoside,6,1,0,0,0,0,0,0,0,1,0,0,0,0,0,0,0,0,1,0,0,0,1,0,88.8
4-Acetamidophenyl β-D-glucopyranoside,6,1,0,0,0,0,1,0,0,2,0,0,0,0,0,0,0,1,1,0,0,0,2,0,70.2
"N-(2,2,3,3,4,4,4-Heptafluoro)butyl-D-gluconamide",5,0,0,0,0,0,8,0,0,8,0,7,0,0,0,0,0,1,0,0,0,0,2,0,32.8
N-Phenyl-D-gluconamide,5,0,0,0,0,0,5,0,0,5,0,0,0,0,0,0,0,1,1,0,0,0,2,0,65.7
N-3-Fluorophenyl-D-gluconamide,5,0,0,0,0,0,5,0,0,5,0,1,0,0,0,0,0,1,1,0,0,0,2,0,9.4
N-4-Fluorophenyl-D-gluconamide,5,0,0,0,0,0,5,0,0,5,0,1,0,0,0,0,0,1,1,0,0,0,2,0,90.3
N-Benzyl-D-gluconamide,5,0,0,0,0,0,5,0,0,6,0,0,0,0,0,0,0,1,1,0,0,0,2,0,38.1
N-2-Fluorobenzyl-D-gluconamide,5,0,0,0,0,0,5,0,0,6,0,1,0,0,0,0,0,1,1,0,0,0,2,0,35.4
N-3-Fluorobenzyl-D-gluconamide,5,0,0,0,0,0,5,0,0,6,0,1,0,0,0,0,0,1,1,0,0,0,2,0,30.7
N-4-Fluorobenzyl-D-gluconamide,5,0,0,0,0,0,5,0,0,6,0,1,0,0,0,0,0,1,1,0,0,0,2,0,19.7
N-2-Phenylethyl-D-gluconamide,5,0,0,0,0,0,5,0,0,7,0,0,0,0,0,0,0,1,1,0,0,0,2,0,29.7
N-2-(2-Fluoro)phenylethyl-D-gluconamide,5,0,0,0,0,0,5,0,0,7,0,1,0,0,0,0,0,1,1,0,0,0,2,0,20.6
N-2-(3-Fluoro)phenylethyl-D-gluconamide,5,0,0,0,0,0,5,0,0,7,0,1,0,0,0,0,0,1,1,0,0,0,2,0,30.2
N-2-(4-Fluoro)phenylethyl-D-gluconamide,5,0,0,0,0,0,5,0,0,7,0,1,0,0,0,0,0,1,1,0,0,0,2,0,69
"N-2,5-Difluorobenzyl-D-gluconamide",5,0,0,0,0,0,5,0,0,6,0,2,0,0,0,0,0,1,1,0,0,0,2,0,9.7
N-4-Bromophenyl-D-gluconamide,5,0,0,0,0,0,5,0,0,5,0,0,0,0,0,0,1,1,1,0,0,0,2,0,75
N-2-Fluorophenyl-D-gluconamide,5,0,0,0,0,0,5,0,0,5,0,1,0,0,0,0,0,1,1,0,0,0,2,0,3
"N-3,5-Difluorophenyl-D-gluconamide",5,0,0,0,0,0,5,0,0,5,0,2,0,0,0,0,0,1,1,0,0,0,2,0,4.4
N-3-Bromophenyl-D-gluconamide,5,0,0,0,0,0,5,0,0,5,0,0,0,0,0,0,1,1,1,0,0,0,2,0,40
"N-2,6-Difluorobenzyl-D-gluconamide",5,0,0,0,0,0,5,0,0,6,0,2,0,0,0,0,0,1,1,0,0,0,2,0,12.6
N-4-Methoxyphenyl-D-gluconamide,7,0,0,0,0,0,5,0,0,5,0,0,0,0,0,0,0,1,1,0,0,0,2,0,3.9
N-4-Methoxybenzyl-D-gluconamide,7,0,0,0,0,0,5,0,0,6,0,0,0,0,0,0,0,1,1,0,0,0,2,0,6.5
N-4-Methylbenzyl-D-gluconamide,5,0,0,0,0,0,5,0,0,7,0,0,0,0,0,0,0,1,1,0,0,0,2,0,5
N-2-Methoxybenzyl-D-gluconamide,7,0,0,0,0,0,5,0,0,6,0,0,0,0,0,0,0,1,1,0,0,0,2,0,72.8
N-2-Methoxyphenyl-D-gluconamide,7,0,0,0,0,0,5,0,0,5,0,0,0,0,0,0,0,1,1,0,0,0,2,0,100
2-Phenylhydrazide-D-gluconic acid,5,0,0,0,0,0,5,0,0,5,0,0,0,0,0,0,0,1,1,0,1,0,2,0,81.1
2-(2-Fluoro)phenylhydrazide-D-gluconic acid,5,0,0,0,0,0,5,0,0,5,0,1,0,0,0,0,0,1,1,0,1,0,2,0,68.7
N-1-Naphthyl-D-gluconamide,5,0,0,0,0,0,5,0,0,5,0,0,0,0,0,0,0,1,2,0,0,0,2,0,103.8
1-Deoxy-1-[(2-fluorophenylmethyl)amino]-D-glucitol,5,0,0,0,0,0,4,0,0,6,0,1,0,0,0,0,0,0,1,0,0,0,2,0,30.5
"1,4-Bis-(D-gluconamide)benzene",10,0,0,0,0,0,10,0,0,10,0,0,0,0,0,0,0,2,1,0,0,0,4,0,66.7
N-octyl-D-galactonamide ,5,0,0,0,0,0,5,0,0,12,0,0,0,0,0,0,0,1,0,0,0,0,2,0,72.2
N-Octanoyl-N-methyl-D-glucamine,5,0,0,0,0,0,5,0,0,12,0,0,0,0,0,0,0,1,0,1,0,0,3,0,66.3
N-Methyl-N-octyl-D-gluconamide,5,0,0,0,0,0,5,0,0,12,0,0,0,0,0,0,0,1,0,1,0,0,3,0,71.9
1-O-Octyl-D-glucitol,7,0,0,0,0,0,4,0,0,12,0,0,0,0,0,0,0,0,0,0,0,0,0,0,59.8
N-Octyl-L-Mannonamide,5,0,0,0,0,0,5,0,0,12,0,0,0,0,0,0,0,1,0,0,0,0,2,0,22
N-Octyl-D-gluconamide,5,0,0,0,0,0,5,0,0,12,0,0,0,0,0,0,0,1,0,0,0,0,2,0,72.4
N-Butyl-erythronamide,3,0,0,0,0,0,3,0,0,6,0,0,0,0,0,0,0,1,0,0,0,0,2,0,71.2
N-Pentyl-erythronamide,3,0,0,0,0,0,3,0,0,7,0,0,0,0,0,0,0,1,0,0,0,0,2,0,73.6
N-Hexyl-erythronamide,3,0,0,0,0,0,3,0,0,8,0,0,0,0,0,0,0,1,0,0,0,0,2,0,68.7
N-Octyl-erythronamide,3,0,0,0,0,0,3,0,0,10,0,0,0,0,0,0,0,1,0,0,0,0,2,0,56.3
N-Octyl-D-gluconamide,5,0,0,0,0,0,5,0,0,12,0,0,0,0,0,0,0,1,0,0,0,0,2,0,12.1
D-gluconamide,5,0,0,0,0,0,5,0,0,5,0,0,0,0,0,0,0,1,0,0,0,0,1,0,52.5
N-Methyl-gluconamide,5,0,0,0,0,0,5,0,0,5,0,0,0,0,0,0,0,1,0,0,0,0,2,0,102.5
N-Ethyl-gluconamide,5,0,0,0,0,0,5,0,0,6,0,0,0,0,0,0,0,1,0,0,0,0,2,0,104.3
N-Propyl-gluconamide,5,0,0,0,0,0,5,0,0,7,0,0,0,0,0,0,0,1,0,0,0,0,2,0,87.3
N-Butyl-gluconamide,5,0,0,0,0,0,5,0,0,8,0,0,0,0,0,0,0,1,0,0,0,0,2,0,22.7
N-Pentyl-gluconamide,5,0,0,0,0,0,5,0,0,9,0,0,0,0,0,0,0,1,0,0,0,0,2,0,12.4
N-Hexyl-gluconamide,5,0,0,0,0,0,5,0,0,10,0,0,0,0,0,0,0,1,0,0,0,0,2,0,5.9
N-Heptyl-gluconamide,5,0,0,0,0,0,5,0,0,11,0,0,0,0,0,0,0,1,0,0,0,0,2,0,18.5
N-Nonyl-gluconamide,5,0,0,0,0,0,5,0,0,13,0,0,0,0,0,0,0,1,0,0,0,0,2,0,8.6
4-Methoxyphenyl β-D-xylopyranoside,7,1,0,0,0,0,0,0,0,0,0,0,0,0,0,0,0,0,1,0,0,0,0,0,47.1
Glucitol,6,0,0,0,0,0,4,0,0,5,0,0,0,0,0,0,0,0,0,0,0,0,0,0,82.3
Galactitol,6,0,0,0,0,0,4,0,0,5,0,0,0,0,0,0,0,0,0,0,0,0,0,0,87.9
"N-[5-hydroxy-6-(hydroxymethyl)-2-(4-methoxyphenoxy)-4-3,4,5-trihydroxy-6-(hydroxymethyl)oxan-2-yl]oxyoxan-3-yl]acetamide",12,2,0,0,0,0,1,0,0,3,0,0,0,0,0,0,0,1,1,0,0,0,2,0,50.6
"2-[3,5-dihydroxy-2-(hydroxymethyl)-6-(4-methoxyphenoxy)oxan-4-yl]oxy-6-(hydroxymethyl)oxane-3,4,5-triol",13,2,0,0,0,0,0,0,0,2,0,0,0,0,0,0,0,0,1,0,0,0,0,0,77.8
"2-[3,5-dihydroxy-2-(hydroxymethyl)-6-(4-methoxyphenoxy)oxan-4-yl]oxy-6-(hydroxymethyl)oxane-3,4,5-triol",13,2,0,0,0,0,0,0,0,2,0,0,0,0,0,0,0,0,1,0,0,0,0,0,64.7
"2-[[3,5-dihydroxy-6-(4-methoxyphenoxy)-4-[3,4,5-trihydroxy-6-(hydroxymethyl)oxan-2-yl]oxyoxan-2-yl]methoxy]-6-(hydroxymethyl)oxane-3,4,5-triol",18,3,0,0,0,0,0,0,0,3,0,0,0,0,0,0,0,0,1,0,0,0,0,0,59.1
N-4-(Trifluoromethyl)phenyl-D-gluconamide,5,0,0,0,0,0,6,0,0,6,0,3,0,0,0,0,0,1,1,0,0,0,2,0,27.5
N-4-Methylphenyl-D-gluconamide,5,0,0,0,0,0,5,0,0,6,0,0,0,0,0,0,0,1,1,0,0,0,2,0,5.8
N-3-(Trifluoromethyl)benzyl-D-gluconamide,5,0,0,0,0,0,6,0,0,7,0,3,0,0,0,0,0,1,1,0,0,0,2,0,79.9
N-4-(Trifluoromethyl)benzyl-D-gluconamide,5,0,0,0,0,0,6,0,0,7,0,3,0,0,0,0,0,1,1,0,0,0,2,0,19.8
N-2-Hydroxyphenyl-D-gluconamide,6,0,0,0,0,0,5,0,0,5,0,0,0,0,0,0,0,1,1,0,0,0,2,0,29.7
N-3-(Trifluoromethyl)phenyl-D-gluconamide,5,0,0,0,0,0,6,0,0,6,0,3,0,0,0,0,0,1,1,0,0,0,2,0,86.4
N-4-(Trifluoromethoxy)phenyl-D-gluconamide,7,0,0,0,0,0,6,0,0,5,0,3,0,0,0,0,0,1,1,0,0,0,2,0,14.2
"N-2,5-(Dichloro)phenyl-D-gluconamide",5,0,0,0,0,0,5,0,0,5,0,0,0,0,0,0,0,1,1,0,0,0,2,2,45.5
N-2-Methylbenzyl-D-gluconamide,5,0,0,0,0,0,5,0,0,7,0,0,0,0,0,0,0,1,1,0,0,0,2,0,44.3
N-4-(Trifluoromethoxy)benzyl-D-gluconamide,7,0,0,0,0,0,6,0,0,6,0,3,0,0,0,0,0,1,1,0,0,0,2,0,23.2
N-2-(Trifluoromethoxy)benzyl-D-gluconamide,7,0,0,0,0,0,6,0,0,6,0,3,0,0,0,0,0,1,1,0,0,0,2,0,61
N-2-Chlorophenyl-D-gluconamide,5,0,0,0,0,0,5,0,0,5,0,0,0,0,0,0,0,1,1,0,0,0,2,1,99.9
N-4-Chlorophenyl-D-gluconamide,5,0,0,0,0,0,5,0,0,5,0,0,0,0,0,0,0,1,1,0,0,0,2,1,34.5
N-4-Chlorobenzyl-D-gluconamide,5,0,0,0,0,0,5,0,0,6,0,0,0,0,0,0,0,1,1,0,0,0,2,1,6.8
N-2-Methylphenyl-D-gluconamide,5,0,0,0,0,0,5,0,0,6,0,0,0,0,0,0,0,1,1,0,0,0,2,0,90
"N-2,6-Dimethylphenyl-D-gluconamide",5,0,0,0,0,0,5,0,0,7,0,0,0,0,0,0,0,1,1,0,0,0,2,0,32.1
"N-2,5-Dimethylphenyl-D-gluconamide",5,0,0,0,0,0,5,0,0,7,0,0,0,0,0,0,0,1,1,0,0,0,2,0,84.2
D-Galactose,5,1,0,0,0,0,0,0,0,1,0,0,0,0,0,0,0,0,0,0,0,0,0,0,63.8
D-Glucose,5,1,0,0,0,0,0,0,0,1,0,0,0,0,0,0,0,0,0,0,0,0,0,0,76.4
D-Mannose,5,1,0,0,0,0,0,0,0,1,0,0,0,0,0,0,0,0,0,0,0,0,0,0,83.9
D-Talose,5,1,0,0,0,0,0,0,0,1,0,0,0,0,0,0,0,0,0,0,0,0,0,0,87
D-Melibiose,10,2,0,0,0,0,0,0,0,2,0,0,0,0,0,0,0,0,0,0,0,0,0,0,64.1
D-Lactose,10,2,0,0,0,0,0,0,0,2,0,0,0,0,0,0,0,0,0,0,0,0,0,0,72.2
D-Trehalose,10,2,0,0,0,0,0,0,0,2,0,0,0,0,0,0,0,0,0,0,0,0,0,0,79.1
D-Maltose,10,2,0,0,0,0,0,0,0,2,0,0,0,0,0,0,0,0,0,0,0,0,0,0,84.4
D-Sucrose,10,1,0,0,1,0,1,0,0,3,0,0,0,0,0,0,0,0,0,0,0,0,0,0,88
1-(α-D-Galactopyranosyl)-2-propene,4,1,0,0,0,0,0,0,0,3,0,0,0,0,1,0,0,0,0,0,0,0,0,0,64.2
1-(α-D-Glucopyranosyl)-2-propene,4,1,0,0,0,0,0,0,0,3,0,0,0,0,1,0,0,0,0,0,0,0,0,0,80.6
1-(α-D-mannopyranosyl)-2-propene,4,1,0,0,0,0,0,0,0,3,0,0,0,0,1,0,0,0,0,0,0,0,0,0,88.8
1-(α-D-Talopyranosyl)-2-propene,4,1,0,0,0,0,0,0,0,3,0,0,0,0,1,0,0,0,0,0,0,0,0,0,95.4
1-(β-D-Galactopyranosyl)-2-propene,4,1,0,0,0,0,0,0,0,3,0,0,0,0,1,0,0,0,0,0,0,0,0,0,76.9
1-(β-D-Glucopyranosyl)-2-propene,4,1,0,0,0,0,0,0,0,3,0,0,0,0,1,0,0,0,0,0,0,0,0,0,79.4
"1-α-O-Methyl-1-β-(ethyl-2,2,-difluoroacetate)-D-galactopyranoside",8,1,0,0,0,0,3,0,0,4,0,2,0,0,0,0,0,1,0,0,0,0,0,0,80
1-α-Hydroxyl-1-β-ethyl acetate-D-galactopyranoside,7,1,0,0,0,0,2,0,0,3,0,0,0,0,0,0,0,1,0,0,0,0,0,0,81.4
1-α-O-Methyl-1-β-ethyl acetate-D-galactopyranoside,8,1,0,0,0,0,2,0,0,3,0,0,0,0,0,0,0,1,0,0,0,0,0,0,80.8
Allyl β-D-galactopyranosyl-(1→3)-2-acetamido-2-deoxy-β-D-galactopyranoside,10,2,0,0,0,0,1,0,0,4,0,0,0,0,1,0,0,1,0,0,0,0,2,0,66.2
Allyl β-D-galactopyranosyl-(1→4)-2-acetamido-2-deoxy-β-D-galactopyranoside,10,2,0,0,0,0,1,0,0,4,0,0,0,0,1,0,0,1,0,0,0,0,2,0,61.4
Allyl β-D-galactopyranosyl-(1→6)-2-acetamido-2-deoxy-β-D-galactopyranoside,10,2,0,0,0,0,1,0,0,4,0,0,0,0,1,0,0,1,0,0,0,0,2,0,52.6
Allyl β-D-galactopyranosyl-(1→3)-β-D-galactopyranoside,11,2,0,0,0,0,0,0,0,3,0,0,0,0,1,0,0,0,0,0,0,0,0,0,70.3
Allyl-β-D-galactopyranoside,6,1,0,0,0,0,0,0,0,2,0,0,0,0,1,0,0,0,0,0,0,0,0,0,84.7
1-α-Hydroxyl-2-acetamido-2-deoxy-β-D-galactopyranoside,4,1,0,0,0,0,1,0,0,2,0,0,0,0,0,0,0,1,0,0,0,0,2,0,89.3
Allyl 2-acetamido-2-deoxy-β-D-galactopyranoside,5,1,0,0,0,0,1,0,0,3,0,0,0,0,1,0,0,1,0,0,0,0,2,0,83.4
Octyl-β-D-glucopyranoside,6,1,0,0,0,0,0,0,0,8,0,0,0,0,0,0,0,0,0,0,0,0,0,0,84.6
Octyl-β-D-galactopyranoside,6,1,0,0,0,0,0,0,0,8,0,0,0,0,0,0,0,0,0,0,0,0,0,0,20.9
L-Lysine butyl ester dihydrochloride,2,0,0,0,0,2,2,0,0,8,0,0,0,0,0,0,0,1,0,0,0,0,0,0,41.7
L-Lysine hexyl ester dihydrochloride,2,0,0,0,0,2,2,0,0,10,0,0,0,0,0,0,0,1,0,0,0,0,0,0,19.3
L-Lysine octyl ester dihydrochloride,2,0,0,0,0,2,2,0,0,12,0,0,0,0,0,0,0,1,0,0,0,0,0,0,9.9
L-Lysine decyl ester dihydrochloride,2,0,0,0,0,2,2,0,0,14,0,0,0,0,0,0,0,1,0,0,0,0,0,0,5.8
L-Lysine dodecyl ester dihydrochloride,2,0,0,0,0,2,2,0,0,16,0,0,0,0,0,0,0,1,0,0,0,0,0,0,81.2
L-Lysine tetradecyl ester dihydrochloride,2,0,0,0,0,2,2,0,0,18,0,0,0,0,0,0,0,1,0,0,0,0,0,0,72
Sodium Nα-hexanoyl-Nε-butanoyl-L-lysinate,0,0,0,0,0,0,4,0,0,13,0,0,0,1,0,0,0,3,0,0,0,0,4,0,50.7
"Sodium Nα,Nε -bis(hexanoyl)-L-lysinate",0,0,0,0,0,0,4,0,0,15,0,0,0,1,0,0,0,3,0,0,0,0,4,0,64.1
Sodium Nα-hexanoyl-Nε -octanoyl-L-lysinate,0,0,0,0,0,0,4,0,0,17,0,0,0,1,0,0,0,3,0,0,0,0,4,0,57.3
Sodium Nα-hexanoyl-Nε -decanoyl-L-lysinate,0,0,0,0,0,0,4,0,0,19,0,0,0,1,0,0,0,3,0,0,0,0,4,0,18.7
Sodium Nα-hexanoyl-Nε -dodecanoyl-L-lysinate,0,0,0,0,0,0,4,0,0,21,0,0,0,1,0,0,0,3,0,0,0,0,4,0,7.7
Sodium Nα-ethanoyl-Nε -dodecanoyl-L-lysinate,0,0,0,0,0,0,4,0,0,17,0,0,0,1,0,0,0,3,0,0,0,0,4,0,4.8
Sodium Nα -octanoyl-Nε -dodecanoyl-L-lysinate,0,0,0,0,0,0,4,0,0,23,0,0,0,1,0,0,0,3,0,0,0,0,4,0,4.5
"Sodium Nα ,Nε -bis(dodecanoyl)-L-lysinate",0,0,0,0,0,0,4,0,0,27,0,0,0,1,0,0,0,3,0,0,0,0,4,0,3.4
Sodium Nα -dodecanoyl-Nε -butanoyl-L-lysinate,0,0,0,0,0,0,4,0,0,19,0,0,0,1,0,0,0,3,0,0,0,0,4,0,93.1
Sodium Nα -dodecanoyl-Nε -octanoyl-L-lysinate,0,0,0,0,0,0,4,0,0,23,0,0,0,1,0,0,0,3,0,0,0,0,4,0,31.1
Nα-ethanoyl-Nε -dodecanoyl-L-lysine,1,0,0,0,0,0,4,0,0,17,0,0,0,0,0,0,0,3,0,0,0,0,4,0,69.6
Sodium Nα -hexanoyl-Nε -hexyl-L-lysinate,0,0,0,0,0,0,3,0,0,15,0,0,0,1,0,0,0,2,0,0,0,0,4,0,39.8
4-Aminophenyl-β-D-Galactopyranoside,6,1,0,0,0,0,0,0,0,1,0,0,0,0,0,0,0,0,1,0,0,0,1,0,67.5
4-Methoxyphenyl-6-O-Methyl-β-D-glucopyranoside,9,1,0,0,0,0,0,0,0,1,0,0,0,0,0,0,0,0,1,0,0,0,0,0,70.4
4-Methoxyphenyl-6-deoxy-β-D-Gluco-heptopyranose,8,1,0,0,0,0,0,0,0,2,0,0,0,0,0,0,0,0,1,0,0,0,0,0,59.5
2-(α-D-galactopyranosyl)ethanoic acid,5,1,0,0,0,0,1,0,0,3,0,0,0,0,0,0,0,1,0,0,0,0,0,0,76.2
2-(α-D-galactopyranosyl)acetamide,4,1,0,0,0,0,1,0,0,3,0,0,0,0,0,0,0,1,0,0,0,0,1,0,71
N-Methyl-2-(α-D-galactopyranosyl)ethylamide,4,1,0,0,0,0,1,0,0,3,0,0,0,0,0,0,0,1,0,0,0,0,2,0,80.4
N-Ethyl-2-(α-D-galactopyranosyl)ethylamide,4,1,0,0,0,0,1,0,0,4,0,0,0,0,0,0,0,1,0,0,0,0,2,0,83.8
N-Propyl-2-(α-D-galactopyranosyl)ethylamide,4,1,0,0,0,0,1,0,0,5,0,0,0,0,0,0,0,1,0,0,0,0,2,0,67.6
N-Butyl-2-(α-D-galactopyranosyl)ethylamide,4,1,0,0,0,0,1,0,0,6,0,0,0,0,0,0,0,1,0,0,0,0,2,0,76.4
N-Pentyl-2-(α-D-galactopyranosyl)ethylamide,4,1,0,0,0,0,1,0,0,7,0,0,0,0,0,0,0,1,0,0,0,0,2,0,59.6
N-Hexyl-2-(α-D-galactopyranosyl)ethylamide,4,1,0,0,0,0,1,0,0,8,0,0,0,0,0,0,0,1,0,0,0,0,2,0,55.9
N-Heptyl-2-(α-D-galactopyranosyl)ethylamide,4,1,0,0,0,0,1,0,0,9,0,0,0,0,0,0,0,1,0,0,0,0,2,0,9.2
N-Octyl-2-(α-D-galactopyranosyl)ethylamide,4,1,0,0,0,0,1,0,0,10,0,0,0,0,0,0,0,1,0,0,0,0,2,0,9
N-(4-aminobutyl)-2-(α-D-galactopyranosyl)ethylamide (hydrochloride),4,1,0,0,0,1,1,0,0,6,0,0,0,0,0,0,0,1,0,0,0,0,2,0,67.9
N-(4-carboxybutyl)-2-(α-D-galactopyranosyl)ethylamide,5,1,0,0,0,0,2,0,0,7,0,0,0,0,0,0,0,2,0,0,0,0,2,0,74.4
N-(5-hydroxypentyl)-2-(α-D-galactopyranosyl)ethylamide,5,1,0,0,0,0,1,0,0,7,0,0,0,0,0,0,0,1,0,0,0,0,2,0,40.9
N-(isopropyl)-2-(α-D-galactopyranosyl)ethylamide,4,1,0,0,0,0,2,0,0,5,0,0,0,0,0,0,0,1,0,0,0,0,2,0,72.2
N-(isobutyl)-2-(α-D-galactopyranosyl)ethylamide,4,1,0,0,0,0,2,0,0,6,0,0,0,0,0,0,0,1,0,0,0,0,2,0,79.1
N-(sec-butyl)-2-(α-D-galactopyranosyl)ethylamide,4,1,0,0,0,0,2,0,0,6,0,0,0,0,0,0,0,1,0,0,0,0,2,0,80.8
N-(1-ethylpropyl)-2-(α-D-galactopyranosyl)ethylamide,4,1,0,0,0,0,2,0,0,7,0,0,0,0,0,0,0,1,0,0,0,0,2,0,85.1
N-Cyclopropyl-2-(α-D-galactopyranosyl)ethylamide,4,1,0,0,0,0,1,1,0,3,0,0,0,0,0,0,0,1,0,0,0,0,2,0,69.6
N-Cyclopentyl-2-(α-D-galactopyranosyl)ethylamide,4,1,0,0,0,0,1,0,0,3,0,0,1,0,0,0,0,1,0,0,0,0,2,0,60.3
N-Allyl-2-(α-D-galactopyranosyl)ethylamide,4,1,0,0,0,0,1,0,0,4,0,0,0,0,1,0,0,1,0,0,0,0,2,0,40.6
N-Propargyl-2-(α-D-galactopyranosyl)ethylamide,4,1,0,0,0,0,1,0,1,4,0,0,0,0,0,0,0,1,0,0,0,0,2,0,44.6
Z-N-(1-propenyl)-2-(α-D-galactopyranosyl)ethylamide,4,1,0,0,0,0,1,0,0,4,0,0,0,0,1,0,0,1,0,0,0,0,2,0,57.6
E-N-(1-propenyl)-2-(α-D-galactopyranosyl)ethylamide,4,1,0,0,0,0,1,0,0,4,0,0,0,0,1,0,0,1,0,0,0,0,2,0,54.3
E-N-(crotyl)-2-(α-D-galactopyranosyl)ethylamide,4,1,0,0,0,0,1,0,0,5,0,0,0,0,1,0,0,1,0,0,0,0,2,0,69.1
N-Nonyl-2-(α-D-galactopyranosyl)ethylamide,4,1,0,0,0,0,1,0,0,11,0,0,0,0,0,0,0,1,0,0,0,0,2,0,29.1
N-Decyl-2-(α-D-galactopyranosyl)ethylamide,4,1,0,0,0,0,1,0,0,12,0,0,0,0,0,0,0,1,0,0,0,0,2,0,28.6
N-Dodecyl-2-(α-D-galactopyranosyl)ethylamide,4,1,0,0,0,0,1,0,0,14,0,0,0,0,0,0,0,1,0,0,0,0,2,0,60.6
N-Tetradecyl-2-(α-D-galactopyranosyl)ethylamide,4,1,0,0,0,0,1,0,0,16,0,0,0,0,0,0,0,1,0,0,0,0,2,0,57.4
N-Hexadecyl-2-(α-D-galactopyranosyl)ethylamide,4,1,0,0,0,0,1,0,0,18,0,0,0,0,0,0,0,1,0,0,0,0,2,0,54
"N-(3,5-difluorobenzyl)-D-gluconamide",5,0,0,0,0,0,5,0,0,6,0,2,0,0,0,0,0,1,1,0,0,0,2,0,71.4